locked_uid,control_uid
16,0
22,3
31,2
44,37
50,41
48,34
56,42
58,52
46,47
45,33
65,87
78,82
66,77
85,70
90,63
64,86
125,119
129,120
207,204
253,232
250,223
244,224
273,260
270,264
318,308
326,323
360,337
352,345
361,341
363,374
376,338
415,400
408,404
411,401
419,398
438,394
446,399
409,386
439,385
428,406
421,387
442,390
443,414
448,388
447,391
474,449
455,473
463,467
478,450
486,492
514,531
540,515
516,541
517,543
534,544
519,520
547,549
537,550
557,551
559,529
510,522
512,523
637,621
659,624
640,635
636,620
691,686
696,682
698,678
703,690
766,717
730,738
907,928
922,906
926,919
953,933
1023,1009
1005,1015
1029,1026
1007,1006
1031,1021
1032,1012
1070,1044
1067,1036
1059,1051
1052,1060
1072,1050
1034,1047
1061,1048
1063,1053
1062,1042
1035,1038
1075,1040
1092,1104
1100,1109
1091,1105
1082,1083
1106,1084
1076,1077
1087,1103
1148,1115
1135,1116
1151,1117
1182,1162
1218,1197
1219,1203
1314,1294
1335,1298
1317,1278
1336,1279
1320,1300
1306,1288
1371,1374
1357,1356
1366,1345
1381,1352
1353,1364
1346,1367
1378,1383
1347,1355
1409,1392
1410,1403
1418,1421
1419,1406
1398,1425
1400,1399
1443,1480
1470,1427
1488,1451
1466,1483
1447,1489
1448,1482
1473,1431
1467,1449
1457,1477
1479,1474
1441,1464
1543,1516
1529,1498
1568,1557
1611,1586
1589,1612
1619,1590
1606,1591
1607,1622
1614,1594
1627,1597
1660,1630
1699,1679
1738,1739
1751,1724
1725,1750
1753,1741
1757,1742
1743,1711
1754,1730
1732,1713
1758,1744
1745,1733
1761,1760
1762,1736
1773,1777
1786,1787
1778,1805
1804,1789
1807,1791
1788,1815
1799,1770
1800,1808
1851,1839
1820,1830
1840,1826
1868,1821
1844,1831
1874,1833
1845,1823
1837,1836
1870,1818
1918,1895
1900,1891
1959,1947
1975,1978
1997,1973
1991,1974
1993,1979
2021,2005
2054,2057
2037,2046
2066,2056
2067,2059
2071,2072
2099,2104
2096,2098
2129,2123
2177,2153
2141,2172
2183,2171
2142,2154
2159,2169
2180,2147
2186,2143
2202,2144
2145,2203
2163,2146
2205,2170
2189,2207
2182,2151
2191,2165
2214,2209
2238,2232
2228,2235
2385,2345
2377,2344
2372,2364
2375,2353
2409,2388
2391,2390
2502,2489
2490,2488
2570,2586
2631,2632
2572,2588
2612,2635
2633,2571
2589,2573
2616,2555
2639,2575
2643,2620
2619,2603
2644,2622
2577,2593
2648,2626
2606,2598
2629,2567
2675,2663
2694,2669
2656,2665
2678,2677
2691,2670
2713,2716
2783,2771
2809,2793
2775,2762
2837,2846
2944,2920
2945,2870
2898,2869
2946,2948
2903,2873
2950,2922
2956,2933
2934,2881
2959,2887
2983,2972
3005,2966
3094,3053
3088,3064
3104,3110
3284,3296
3268,3293
3320,3328
3394,3364
3551,3533
3673,3652
3611,3655
3678,3616
3679,3617
3641,3661
3683,3619
3684,3663
3664,3642
3688,3624
3668,3687
3686,3667
3647,3646
3669,3670
3690,3649
3723,3721
3859,3833
3860,3849
3829,3856
3839,3838
3845,3827
3962,3941
3982,3950
4032,3999
4050,4000
4052,4001
4038,4017
4021,4012
4082,4123
4113,4083
4104,4135
4116,4106
4115,4125
4128,4117
4094,4108
4093,4142
4096,4120
4099,4097
4100,4122
4102,4101
4156,4150
4201,4230
4202,4231
4222,4229
4298,4293
4368,4344
4395,4391
4405,4385
4536,4519
4659,4621
4606,4607
4662,4642
4592,4622
4640,4623
4611,4594
4639,4593
4645,4595
4646,4670
4673,4634
4597,4636
4598,4635
4651,4619
4733,4677
4708,4676
4722,4701
4741,4695
4712,4703
4730,4713
4787,4801
4890,4855
4965,4971
5034,4996
5042,4985
5026,4982
5126,5100
5169,5182
5290,5275
5245,5251
5252,5271
5274,5302
5273,5253
5263,5281
5269,5246
5282,5247
5324,5340
5353,5313
5363,5364
5385,5366
5383,5362
5439,5409
5441,5413
5468,5435
5451,5426
5509,5483
5504,5485
5507,5489
5508,5535
5492,5499
5521,5493
5514,5518
5540,5513
5611,5612
5595,5592
5707,5673
5688,5664
5689,5659
5752,5765
5726,5740
5745,5753
5748,5756
5738,5749
5739,5755
5762,5763
5809,5773
5786,5774
5795,5778
5807,5805
5780,5777
5825,5861
5885,5911
5886,5849
5889,5877
5816,5817
5888,5876
5879,5852
5890,5914
5837,5895
5898,5881
5953,5959
5955,5928
5981,5978
6010,6002
5989,5972
6019,5973
5971,5976
5988,5987
6042,6032
6051,6026
6098,6100
6102,6075
6085,6088
6103,6076
6104,6072
6090,6067
6092,6105
6093,6068
6095,6082
6155,6152
6179,6170
6161,6153
6226,6215
6204,6212
6224,6210
6200,6188
6195,6190
6291,6285
6328,6326
6293,6304
6305,6310
6370,6349
6361,6367
6393,6364
6360,6356
6354,6358
6343,6355
6388,6397
6399,6369
6402,6346
6503,6488
6480,6475
6507,6472
6510,6481
6476,6486
6491,6474
6497,6477
6515,6470
6532,6516
6525,6526
6528,6520
6521,6593
6663,6603
6619,6609
6701,6702
6703,6688
6684,6708
6693,6674
6712,6694
6714,6685
6707,6675
6812,6796
6813,6824
6835,6831
6833,6814
6832,6837
6815,6817
6809,6805
6816,6834
6828,6797
6863,6859
6843,6845
6862,6856
6874,6914
6882,6900
6912,6877
6896,6905
6906,6897
6907,6916
6888,6883
6920,6889
6921,6884
6963,6932
6967,6973
6952,6931
6953,6935
6970,6925
6940,6924
6978,6927
6979,6933
7139,7138
7113,7135
7136,7110
7179,7169
7172,7183
7156,7181
7178,7148
7224,7195
7197,7196
7449,7435
7583,7563
7564,7580
7639,7643
7655,7649
7656,7641
7650,7662
7665,7651
7669,7648
7910,7909
7928,7902
7903,7918
7897,7925
7926,7924
7920,7898
7936,7934
7935,7904
7938,7937
7899,7921
8034,8030
8040,8051
8052,8082
8043,8081
8089,8092
8058,8091
8090,8057
8060,8095
8061,8094
8047,8046
8065,8098
8062,8056
8064,8096
8031,8050
8103,8129
8130,8114
8128,8100
8105,8104
8121,8120
8122,8101
8109,8113
8169,8180
8192,8186
8196,8175
8164,8165
8198,8184
8176,8185
8218,8202
8212,8205
8216,8223
8224,8203
8401,8370
8403,8386
8457,8452
8449,8465
8482,8469
8489,8473
8455,8464
8516,8522
8499,8537
8500,8517
8503,8512
8498,8543
8505,8520
8540,8545
8547,8513
8534,8510
8521,8514
8581,8554
8555,8550
8574,8553
8588,8561
8640,8621
8708,8675
8724,8679
8757,8734
8767,8763
8798,8799
8820,8785
8786,8821
8831,8822
8809,8832
8824,8790
8837,8794
8838,8839
8807,8815
8814,8844
8859,8874
8885,8868
8869,8883
8872,8871
8873,8866
8934,8954
8985,8973
9010,9005
9102,9093
9079,9052
9080,9053
9238,9193
9209,9239
9230,9210
9244,9197
9198,9199
9214,9213
9248,9247
9249,9233
9216,9234
9205,9235
9204,9219
9251,9221
9250,9220
9252,9222
9253,9224
9317,9258
9277,9259
9305,9254
9323,9266
9283,9274
9370,9409
9408,9392
9354,9355
9374,9356
9395,9367
9396,9376
9353,9360
9417,9416
9447,9478
9451,9471
9449,9466
9974,9945
9984,9983
10039,9990
10049,10024
10029,10009
10057,10055
10154,10143
10187,10194
10247,10264
10265,10262
10245,10219
10311,10289
10397,10340
10375,10336
10462,10457
10628,10590
10611,10602
10621,10603
10813,10793
10814,10803
10848,10864
10871,10867
11093,11029
11057,11072
11034,11030
11036,11053
11042,11050
11025,11023
11577,11591
11580,11586
11598,11609
11625,11593
11644,11611
11645,11612
11654,11651
11667,11668
11676,11648
11678,11669
11680,11655
11687,11650
11692,11707
11733,11718
11696,11727
11720,11714
11739,11701
11741,11722
11740,11731
11838,11802
11877,11869
11919,11892
11901,11899
11882,11889
11926,11875
11967,11945
11934,11928
11980,11958
11959,11957
11981,11942
11964,11932
11948,11943
11965,11985
11947,11944
11994,12026
11996,12027
12020,11995
12009,12022
12024,12016
12031,12002
12004,11987
12032,12005
12014,12025
12040,11991
12042,11992
12101,12133
12125,12132
12112,12153
12136,12135
12114,12156
12116,12115
12103,12137
12104,12159
12139,12161
12099,12162
12140,12163
12105,12119
12143,12166
12146,12167
12144,12121
12129,12168
12148,12170
12147,12169
12123,12172
12108,12100
12149,12173
12110,12131
12151,12176
12220,12231
12237,12225
12269,12223
12275,12230
12297,12280
12342,12329
12344,12325
12358,12326
12409,12372
12393,12388
12402,12391
12407,12406
12425,12431
12443,12450
12434,12428
12441,12452
12440,12447
12412,12424
12481,12462
12490,12463
12464,12460
12489,12456
12546,12531
12504,12500
12516,12501
12518,12508
12529,12528
12539,12506
12541,12522
12515,12535
12578,12556
12547,12548
12569,12557
12559,12554
12564,12549
12561,12551
12589,12552
12577,12553
12626,12637
12601,12641
12621,12622
12614,12642
12638,12652
12602,12654
12657,12628
12644,12631
12635,12611
12615,12636
12673,12690
12698,12662
12661,12688
12702,12681
12692,12663
12704,12678
12693,12669
12671,12665
12740,12708
12748,12709
12755,12712
12757,12707
12808,12778
12817,12816
12794,12831
12847,12848
12858,12844
12886,12849
12909,12910
12966,12930
12949,12943
12992,12982
12994,13011
13045,13033
13175,13109
13096,13105
13137,13123
13127,13094
13167,13100
13131,13098
13140,13101
13104,13103
13201,13214
13224,13205
13192,13216
13178,13213
13424,13444
13534,13509
13531,13516
13582,13569
13660,13659
13597,13575
13567,13565
13570,13661
13644,13598
13621,13578
13587,13572
13620,13601
13623,13622
13603,13574
13604,13625
13628,13626
13583,13573
13665,13629
13667,13630
13633,13651
13632,13672
13580,13653
13584,13636
13656,13581
13655,13673
13615,13657
13585,13637
13590,13638
13675,13616
13890,13842
13876,13843
13870,13877
13867,13893
13906,13937
13932,13916
13914,13904
13923,13933
13924,13934
13920,13938
13948,13977
13978,13954
13981,13964
14054,14016
14039,14022
14029,14023
14024,14025
14056,14018
14075,14026
14031,14021
14045,14030
14250,14232
14212,14233
14251,14218
14223,14207
14222,14252
14242,14254
14243,14225
14228,14244
14230,14231
14209,14257
14245,14238
14258,14259
14249,14260
14240,14262
14373,14340
14374,14342
14365,14350
14352,14367
14353,14379
14372,14385
14362,14388
14404,14448
14455,14414
14402,14423
14416,14417
14396,14399
14456,14390
14433,14398
14462,14397
14440,14401
14437,14442
14444,14409
14460,14413
14471,14391
14497,14504
14510,14521
14475,14503
14481,14511
14554,14538
14577,14559
14578,14556
14532,14539
14563,14590
14557,14542
14651,14609
14605,14601
14797,14762
14796,14744
14776,14752
14778,14753
14784,14748
14787,14750
14839,14882
14870,14894
14874,14852
14834,14835
14833,14901
15077,15037
15108,15120
15111,15093
15132,15098
15173,15170
15181,15190
15295,15241
15263,15283
15476,15470
15461,15430
15458,15443
15460,15473
15457,15424
15444,15445
15463,15432
15437,15474
15425,15433
15464,15449
15450,15434
15435,15436
15428,15466
15510,15494
15495,15487
15625,15624
15626,15609
15641,15611
15636,15627
15637,15645
15650,15651
15724,15715
15747,15727
15790,15786
15804,15783
15949,15962
15958,15961
15936,15959
15973,15940
15942,15963
15981,15938
15968,15960
15945,15946
16150,16135
16192,16189
16151,16137
16157,16136
16155,16197
16199,16156
16174,16141
16147,16144
16203,16222
16223,16207
16250,16209
16236,16231
16205,16251
16226,16216
16245,16217
16218,16204
16364,16326
16344,16324
16327,16333
16367,16363
16359,16325
16535,16531
16553,16533
16554,16540
16572,16573
16605,16567
16579,16583
16625,16571
16681,16633
16720,16712
16726,16685
16754,16737
16793,16773
16794,16738
16759,16760
16743,16746
16755,16747
16782,16742
16757,16752
16897,16915
16893,16865
16902,16904
16896,16859
16882,16861
16933,16950
16943,16964
17044,16989
17059,17058
17067,17081
17061,17070
17049,17056
17108,17060
17145,17165
17128,17164
17146,17112
17141,17119
17131,17113
17147,17159
17123,17139
17168,17125
17151,17120
17173,17192
17293,17243
17291,17227
17331,17313
17337,17307
17328,17306
17390,17345
17362,17358
17351,17371
17354,17353
17424,17455
17399,17400
17401,17437
17440,17425
17441,17418
17449,17431
17450,17415
17416,17432
17451,17453
17423,17427
17462,17456
17481,17457
17464,17471
17466,17489
17495,17461
17492,17458
17515,17513
17505,17551
17530,17506
17502,17522
17554,17507
17539,17508
17593,17585
17621,17595
17580,17596
17604,17564
17566,17597
17565,17588
17624,17608
17609,17569
17570,17628
17630,17571
17583,17613
17655,17645
17656,17642
17715,17680
17686,17681
17694,17689
17898,17914
17899,17900
17915,17916
17886,17885
17910,17891
17974,17975
17951,17928
17977,17963
17976,17941
17955,17932
17967,17927
17997,17986
17929,18001
17957,17965
17948,17978
17987,17980
17981,17944
17982,17960
17991,17968
17970,17935
18057,18014
18453,18426
18456,18416
18417,18415
18620,18578
18609,18582
19042,18989
19236,19225
19238,19204
19253,19215
19319,19320
19266,19291
19302,19303
19323,19281
19409,19378
19427,19376
19412,19380
19559,19560
19553,19511
19523,19538
19556,19521
19569,19543
19519,19517
19531,19545
19564,19532
20320,20284
20911,20909
20984,21009
20986,21001
21067,21050
21035,21044
21030,21051
21031,21039
21054,21080
21040,21055
21046,21074
21084,21043
21034,21066
21131,21126
21212,21220
21213,21219
21199,21215
21201,21216
21192,21207
21203,21208
21223,21179
21195,21224
21211,21204
21196,21218
21210,21188
21237,21231
21246,21262
21272,21235
21290,21319
21302,21307
21453,21422
21442,21423
21428,21424
21425,21436
21476,21457
21526,21496
21601,21619
21666,21651
21652,21653
21684,21659
21706,21699
21707,21698
21774,21738
21750,21740
21788,21741
21755,21742
21816,21801
21917,21913
21929,21905
21904,21907
21941,21932
21935,21922
21956,21949
21951,21950
21942,21924
21937,21952
21944,21938
21919,21920
21975,21957
21962,21985
21970,21982
21989,21977
21996,21971
21999,21987
21994,21973
22097,22074
22100,22073
22364,22345
22403,22384
22400,22428
22473,22437
22470,22444
22454,22474
22461,22445
22463,22472
22447,22446
22457,22443
22467,22438
22510,22478
22493,22479
22504,22482
22526,22489
22507,22483
22582,22543
22583,22542
22725,22694
22817,22793
22848,22819
22926,22905
22916,22927
23056,23057
23028,23047
23068,23029
23051,23044
23050,23035
23113,23078
23114,23112
23131,23145
23132,23115
23133,23082
23150,23104
23122,23085
23153,23123
23151,23105
23137,23136
23138,23125
23091,23157
23092,23093
23158,23140
23141,23160
23159,23143
23095,23162
23130,23096
23238,23229
23339,23349
23408,23389
23565,23562
23575,23569
23594,23580
23667,23668
23703,23675
23661,23669
23718,23663
23712,23665
23722,23780
23730,23731
23796,23738
23753,23774
23755,23764
23754,23799
23756,23739
23732,23757
23747,23803
23726,23802
23793,23778
23805,23806
23736,23760
23770,23762
23771,23729
24335,24312
24337,24310
24417,24379
24475,24464
24523,24509
24680,24654
24759,24721
24719,24734
24753,24736
24745,24730
24808,24799
24783,24811
24793,24796
24815,24790
24802,24791
24881,24828
24853,24834
24864,24847
24980,25013
24950,24952
25002,25017
25008,25027
25030,25009
24996,24997
25042,25043
25126,25110
25339,25310
25313,25330
25342,25364
25461,25500
25486,25465
25485,25464
25473,25466
25487,25467
25480,25456
25492,25505
25470,25457
25482,25493
25544,25508
25559,25520
25564,25511
25512,25513
25518,25547
25538,25516
25530,25550
25685,25636
25658,25648
25639,25687
25678,25650
25659,25642
25653,25681
25654,25688
25691,25662
25663,25693
25644,25674
25645,25694
25666,25676
25926,25927
25950,25999
26001,25979
25990,25953
25957,25985
26030,26007
26047,26016
26061,26069
26538,26543
26803,26834
26911,26920
26953,26954
26942,26929
26983,26930
26932,26915
26977,26947
26988,26960
26967,26961
26926,26991
27017,27011
27014,27007
27019,26999
27403,27371
27720,27727
27724,27777
27786,27778
27730,27725
27772,27779
27751,27752
27796,27758
27884,27885
27945,27950
28960,28923
28981,28926
28972,28925
29170,29144
29457,29456
29482,29500
29528,29467
29484,29480
29468,29520
29512,29504
29473,29489
29524,29506
29540,29496
29525,29477
29464,29541
29509,29476
29465,29508
29775,29728
29761,29762
29748,29786
29763,29787
29765,29726
29741,29752
29760,29766
29783,29745
30187,30182
30192,30151
30223,30178
30384,30373
30401,30386
30972,30954
30989,30980
31009,31054
31027,31063
31049,31026
31064,31016
31068,31067
31157,31178
31171,31138
31345,31356
31750,31760
31940,31927
31987,31968
31979,31969
31980,31942
31973,31948
31984,31956
31950,31933
31988,31951
31952,31959
31989,31990
31934,31992
31962,31994
31944,31985
31939,31978
31938,31966
32007,32086
32060,32059
32009,32042
32026,32058
32062,32063
31998,32067
31999,32068
32048,32019
32071,32072
32021,32032
32074,32000
32020,32001
32050,32033
32051,32078
32080,32079
32081,32004
32055,32082
32235,32268
32236,32204
32255,32256
32257,32210
32262,32247
32282,32263
32249,32266
32250,32283
32336,32288
32295,32294
32356,32317
32404,32395
32390,32435
32407,32373
32378,32369
32749,32756
32897,32913
33597,33529
33752,33766
33926,33928
33874,33876
33875,33927
33877,33858
33947,33912
33897,33946
33948,33879
33913,33878
33931,33932
33881,33859
33860,33899
33950,33915
33863,33900
33861,33883
33953,33934
33956,33955
33884,33885
33864,33954
33919,33901
33936,33935
33957,33865
33920,33887
33958,33886
33938,33902
33959,33889
33904,33869
33890,33868
33961,33891
33922,33939
33870,33940
33871,33892
33905,33906
33942,33893
33924,33963
33894,33872
33983,34034
33985,34020
34054,33967
33966,34053
34021,33987
34055,33986
34037,34038
33989,33968
34058,34006
33970,34023
33972,33991
34025,34040
34063,34062
33973,33993
33992,34010
34026,34041
34042,33974
34043,33994
34028,34011
34066,33977
33997,33976
33978,34068
34029,34046
33979,34047
33980,33999
34069,34013
34049,34000
34030,34070
34031,34050
34001,33981
34016,34002
34095,34075
34161,34200
34182,34163
34217,34173
34159,34185
34186,34169
34187,34151
34516,34517
34519,34522
34550,34523
34552,34551
34578,34586
34737,34707
35452,35421
35443,35429
35483,35444
35494,35481
35455,35419
35638,35617
35628,35616
35643,35580
35635,35576
35693,35655
35850,35838
35799,35851
35866,35887
35962,35958
35982,35948
36021,35991
36873,36823
36970,37000
37039,36974
37038,37001
36971,37019
36972,37062
37040,37002
36978,37020
37064,36980
37067,37066
37025,37044
37026,36985
37072,36983
37071,37009
37047,36987
37048,37028
37027,36988
37073,37012
36990,37049
37050,36989
37015,37077
37078,36993
37055,37056
36995,37033
37035,37060
37018,37017
37034,37082
37178,37192
37220,37239
37259,37229
37234,37222
37261,37242
37251,37243
37223,37214
37226,37217
37275,37295
37316,37286
37272,37297
37288,37283
37349,37361
37350,37318
37322,37343
37368,37356
37372,37390
37371,37331
37373,37394
37450,37404
37502,37490
37493,37468
38267,38281
38350,38393
38390,38370
38499,38489
38843,38799
38805,38838
39446,39458
39452,39475
39590,39642
39608,39595
40248,40243
40265,40254
40244,40237
40232,40231
40260,40228
40261,40229
40245,40233
40322,40311
40324,40275
40335,40334
40398,40380
40389,40373
40453,40501
40496,40457
40506,40495
40477,40459
40478,40507
40445,40462
40509,40446
40511,40510
40578,40554
41157,41160
41155,41154
41158,41172
41307,41330
41290,41272
41343,41318
41271,41273
41309,41274
41275,41295
41345,41320
41333,41294
41278,41348
41350,41312
41296,41324
41323,41280
41335,41326
41325,41313
41339,41353
41286,41285
41340,41356
41341,41357
41314,41287
41316,41288
41457,41428
41474,41475
41489,41488
41476,41459
41433,41462
41492,41465
41453,41437
41469,41455
41494,41438
41495,41440
41497,41482
41443,41483
41561,41526
41781,41812
41782,41811
41764,41810
41814,41799
41800,41751
41803,41804
41793,41759
41794,41795
41808,41776
41862,41860
41861,41894
41883,41899
41887,41849
41878,41879
41877,41858
42421,42441
42576,42599
42595,42600
42707,42677
42786,42804
42911,42920
42944,42908
43004,42960
42989,42967
43017,42979
43840,43873
43864,43847
43875,43848
43925,43886
43910,43882
44032,44004
44019,44009
44016,43993
44038,43994
44113,44139
44112,44107
44236,44210
44298,44317
44271,44285
44327,44326
44273,44305
44272,44302
44275,44306
44277,44323
44310,44279
44335,44334
44280,44281
44337,44336
44338,44325
44360,44347
44576,44555
44510,44535
44537,44577
44561,44542
44586,44547
44567,44588
44568,44550
44569,44527
44591,44551
44571,44573
44553,44592
45495,45462
45558,45537
45725,45707
45946,45882
45932,45920
45901,45921
45950,45904
45906,45886
45925,45890
45938,45908
45940,45911
45891,45910
47173,47183
47193,47176
47202,47201
47181,47184
47190,47189
47186,47182
47191,47198
47245,47220
47214,47211
47237,47218
47335,47257
47256,47357
47334,47284
47286,47311
47259,47260
47287,47336
47261,47291
47314,47337
47316,47262
47317,47292
47264,47340
47266,47296
47320,47298
47345,47269
47323,47270
47322,47271
47301,47276
47325,47350
47326,47274
47348,47302
47327,47349
47352,47329
47281,47307
47330,47331
47309,47282
47308,47283
47427,47449
47748,47771
47749,47761
48004,47994
47966,47967
47964,47983
47982,48009
47969,47952
47953,47970
47990,47955
48146,48121
48479,48526
48509,48508
48738,48732
48750,48736
48752,48737
49200,49145
49235,49269
49257,49258
49260,49278
49280,49221
49262,49227
49263,49249
49286,49229
49265,49251
49266,49230
49254,49233
49253,49255
49287,49232
49482,49465
49475,49490
49500,49456
49458,49457
49505,49493
49596,49584
49597,49614
49579,49619
49581,49602
49985,49886
49983,49984
49885,49934
49884,49915
49986,49889
49987,49936
49989,49892
49940,49990
49942,49924
49943,49923
49992,49897
49969,49926
49994,49945
49993,49900
49944,49995
49927,49996
49998,49997
49928,49970
49903,49971
49972,49902
49999,49905
49930,49974
49950,49908
50001,49906
49976,49910
49951,49952
49981,49911
49933,50005
49954,49913
49953,50004
50077,50067
50101,50079
50106,50094
50341,50313
50344,50294
50298,50315
50321,50320
50554,50491
50544,50531
50496,50515
50536,50520
50498,50519
50546,50500
50539,50522
51004,51010
51023,51015
51026,51068
51322,51306
51412,51387
51443,51449
51435,51429
51440,51434
51447,51430
51612,51640
51642,51615
51643,51690
51616,51645
51670,51694
51693,51619
51697,51673
51696,51674
51698,51655
51699,51627
51676,51677
51680,51678
51679,51630
51657,51701
51700,51658
51704,51660
51635,51662
51684,51661
51664,51638
51663,51665
52224,52210
52375,52350
52968,52951
52998,53018
52967,52950
52952,52971
52969,52984
53002,52973
53003,52955
52956,52943
52945,52988
52960,53006
52978,52979
52964,52963
53012,52992
53013,52993
52948,52980
53011,52965
53015,52982
53077,53128
53090,53064
53110,53111
53093,53131
53112,53132
53114,53067
53118,53081
53102,53083
53101,53119
53069,53084
53138,53085
53070,53086
53140,53120
53072,53121
53074,53142
53143,53144
53125,53145
53089,53126
53147,53159
53161,53163
53390,53418
53465,53445
53420,53466
53421,53467
53393,53394
53395,53396
53447,53397
53449,53427
53399,53400
53475,53473
53474,53431
53452,53432
53476,53403
53455,53404
53454,53405
53457,53407
53436,53408
53435,53409
53458,53479
53482,53439
53438,53460
53414,53441
53461,53440
53443,53464
53485,53444
53793,53783
53998,53978
54405,54349
54724,54751
54687,54725
54711,54689
54755,54692
54728,54727
54691,54740
54690,54712
54742,54756
54696,54757
54729,54713
54770,54697
54730,54714
54715,54731
54759,54775
54718,54732
54704,54733
54747,54779
54722,54748
54721,54763
54765,54735
54736,54723
54764,54780
55855,55856
55959,55912
56386,56356
57002,56977
57004,56990
56979,56981
57027,56980
57043,56991
57029,57014
57030,56992
57018,56985
56984,57005
57032,57006
56996,57034
56997,57052
57051,57035
57000,57024
56988,57008
57561,57494
57532,57533
57567,57513
57570,57517
57571,57518
57538,57520
57501,57519
57542,57522
57506,57556
58473,58456
58484,58440
58572,58547
58856,58839
58872,58821
58859,58860
58825,58842
58862,58845
58898,58846
58865,58899
58829,58847
58880,58831
58868,58849
58834,58883
59477,59453
59475,59440
59422,59432
59425,59446
59481,59445
59447,59433
59473,59443
59594,59564
59596,59582
59595,59566
59583,59607
59632,59599
59620,59634
59572,59633
59602,59591
59623,59561
59610,59637
59815,59769
59844,59772
59795,59794
59845,59822
59778,59750
59848,59823
59779,59749
59777,59798
59850,59780
59849,59799
59800,59825
59756,59828
59782,59755
59801,59852
59830,59804
59829,59802
59758,59759
59757,59803
59760,59853
59762,59761
59806,59857
59807,59856
59810,59785
59788,59859
59896,59870
59922,59932
59945,59933
59915,59950
59934,59935
59947,59916
59907,59930
59920,59953
60450,60453
60452,60492
60476,60495
60475,60456
60478,60458
60477,60427
60480,60499
60461,60460
60484,60439
60500,60501
60506,60440
60488,60489
60471,60446
60508,60472
60597,60628
60600,60630
60568,60567
60619,60603
60622,60591
60609,60578
60623,60592
60613,60626
60877,60879
60878,60880
60857,60858
60864,60846
60885,60844
60886,60820
60824,60848
60889,60851
60900,60893
61105,61126
61096,61106
61088,61099
61146,61081
61136,61093
61085,61086
61478,61450
61433,61415
61436,61451
61486,61497
61416,61453
61454,61466
61471,61439
61488,61458
61444,61474
61504,61427
61428,61459
61446,61460
61491,61429
61505,61445
61462,61449
61492,61507
61493,61477
61463,61461
61793,61773
61842,61828
61944,61894
61945,61917
61948,61918
61904,61921
62505,62543
62544,62516
62545,62517
62520,62533
62549,62519
62491,62550
62552,62534
62490,62506
62492,62493
62555,62509
62526,62525
62527,62499
62512,62500
62501,62530
62564,62529
62994,62928
62929,62982
62993,62983
62971,62997
62932,62961
62946,62973
62998,62934
63001,62949
62979,62950
63005,62936
62955,63006
62956,62957
62938,62990
62967,62989
63007,62940
63016,63015
63023,63027
63108,63067
63089,63068
63383,63385
63408,63316
63314,63315
63387,63407
63386,63406
63388,63344
63320,63317
63409,63364
63347,63322
63346,63411
63413,63367
63414,63325
63351,63392
63369,63324
63348,63368
63354,63370
63352,63328
63353,63326
63417,63372
63418,63330
63419,63331
63373,63393
63356,63396
63333,63421
63334,63398
63423,63357
63424,63338
63339,63340
63404,63359
63362,63342
63694,63695
63705,63674
63663,63661
63698,63706
63677,63676
63646,63685
63648,63686
63640,63679
63667,63711
63656,63670
63642,63657
63702,63658
63682,63673
63803,63814
63877,63892
63879,63905
63907,63867
63894,63848
63853,63870
63871,63855
63888,63872
63902,63873
63858,63914
63859,63874
63862,63860
63861,63876
64956,64934
64950,64967
65087,65123
65413,65317
65390,65319
65389,65411
65391,65350
65352,65322
65414,65371
65354,65324
65353,65372
65418,65417
65355,65420
65375,65374
65419,65397
65361,65331
65359,65330
65421,65378
65423,65399
65363,65336
65427,65364
65338,65340
65404,65343
65428,65341
65383,65406
65384,65345
65369,65385
65386,65366
65409,65348
65664,65665
65620,65645
65663,65648
65841,65828
65846,65836
65847,65855
65967,65949
66229,66207
66500,66532
66534,66487
66470,66469
66521,66471
66477,66475
66479,66494
66526,66493
66480,66481
66482,66530
66956,66928
66976,66943
66958,66957
66915,66914
66944,66980
66959,66913
66930,66916
66961,66899
66982,66898
66984,66985
66918,66900
66901,66917
66921,66920
66964,66933
66990,66906
66936,66968
66953,66994
66969,66937
66955,66938
66911,66927
66998,66997
67075,67002
67001,67097
67000,67032
67098,67003
67077,67033
67099,67052
67100,67009
67103,67055
67036,67079
67057,67038
67104,67011
67107,67082
67042,67014
67106,67013
67109,67062
67108,67017
67020,67086
67021,67047
67023,67046
67111,67088
67025,67024
67069,67070
67026,67027
67072,67114
67095,67030
67071,67094
67050,67116
67375,67402
67374,67305
67376,67334
67339,67356
67408,67337
67409,67341
67359,67315
67342,67362
67344,67361
67411,67316
67413,67385
67412,67319
67365,67390
67366,67414
67347,67321
67391,67367
67392,67324
67323,67394
67415,67348
67416,67328
67395,67327
67369,67326
67353,67370
67399,67350
67607,67609
67613,67618
67608,67614
67655,67620
67629,67632
67755,67774
67828,67815
67846,67816
67831,67807
67847,67802
67836,67817
67959,67929
68302,68303
68332,68351
68349,68281
68334,68305
68333,68321
68325,68309
68359,68310
68292,68311
68343,68295
68496,68546
68528,68526
68500,68499
68470,68502
68471,68501
68530,68514
68473,68531
68488,68535
68490,68503
68538,68475
68504,68476
68519,68540
68491,68541
68492,68505
68507,68506
68494,68509
68482,68511
68545,68510
68976,68906
68977,69003
68978,68956
68940,69005
69008,68939
68961,69010
68941,68943
69009,68960
68946,68964
69011,68918
68944,68963
69012,68986
69013,68922
68967,69014
68949,68924
68993,68994
68992,68927
69015,68928
68926,68950
69016,68931
68996,68930
68971,68929
68973,68972
69235,69293
69359,69361
69682,69675
69730,69756
69731,69755
69732,69772
69734,69713
69759,69716
69717,69776
69752,69739
69750,69738
69751,69740
69788,69728
69856,69882
69842,69858
69880,69843
69891,69917
69943,69896
69952,69907
69977,69974
69978,69975
69939,69914
69938,69979
69993,70031
70005,69990
70165,70161
70302,70287
70324,70258
70326,70262
70327,70328
70362,70339
70444,70402
71076,71008
71075,71007
71077,71037
71013,71057
71041,71015
71105,71040
71044,71083
71061,71060
71042,71018
71046,71085
71108,71063
71047,71064
71045,71019
71109,71086
71068,71023
71049,71111
71025,71088
71028,71092
71112,71050
71027,71051
71113,71029
71030,71031
71073,71096
71055,71052
71131,71130
71199,71182
71200,71183
71715,71689
71716,71762
71746,71768
71745,71720
71747,71721
71748,71770
71750,71724
71752,71775
71726,71776
71754,71704
71778,71731
71785,71784
71757,71709
71737,71759
71739,71712
71738,71711
71787,71740
72079,72063
72067,72023
72068,72081
72044,72082
72025,72069
72043,72083
72071,72059
72087,72047
72028,72060
72049,72030
72052,72061
72075,72034
72054,72062
72095,72035
72096,72037
72119,72097
72103,72111
72225,72147
72248,72206
72167,72205
72252,72171
72172,72149
72231,72169
72232,72173
72254,72151
72253,72208
72209,72150
72189,72152
72176,72174
72155,72175
72193,72158
72257,72213
72159,72194
72259,72180
72161,72160
72199,72220
72221,72182
72183,72262
72240,72200
72223,72201
72166,72266
72267,72203
72446,72418
72422,72419
72497,72541
72529,72556
72518,72498
72559,72500
72560,72562
72550,72508
72569,72525
72568,72524
72570,72512
72571,72511
72553,72526
72538,72573
72960,72961
73459,73460
73556,73516
73557,73504
73520,73542
73559,73533
73534,73543
73544,73505
73506,73521
73564,73565
73567,73508
73551,73525
73566,73550
73568,73552
73527,73538
73553,73512
73572,73511
73530,73555
73573,73540
73580,73610
73815,73739
73814,73770
73737,73838
73816,73792
73743,73740
73774,73844
73846,73773
73797,73848
73847,73796
73775,73749
73778,73822
73780,73750
73779,73799
73781,73752
73850,73800
73801,73824
73802,73852
73803,73828
73784,73757
73855,73785
73759,73786
73829,73832
73763,73764
73833,73762
73856,73787
73857,73834
73811,73810
73791,73836
73909,73892
73922,73870
73910,73883
73865,73913
73884,73864
73889,73898
73917,73880
73874,73902
73918,73901
73905,73876
73890,73921
73891,73869
73929,73925
73968,73932
73997,74020
74005,73981
74915,74936
74979,74914
74916,74961
74962,74982
74918,74964
74981,74983
74947,74917
74938,74950
74949,74920
74969,74968
74923,74922
74973,74927
74994,74930
74977,74931
75022,74998
75491,75445
75476,75448
75592,75581
75594,75593
75656,75675
75650,75666
75668,75630
75720,75717
75837,75846
75865,75887
75863,75840
75851,75850
75877,75888
75841,75867
75869,75868
75878,75879
75857,75892
75881,75871
75882,75842
75884,75843
75844,75873
75859,75845
75897,75854
75907,75900
76037,76024
76056,76039
76055,76010
76071,76040
76820,76739
76771,76770
76742,76774
76799,76824
76800,76826
76834,76784
76811,76785
76812,76836
76841,76840
76815,76817
76793,76766
76792,76794
77371,77374
77349,77348
77372,77347
77373,77365
77414,77402
77511,77469
77477,77453
77462,77502
77491,77478
77458,77473
77514,77521
77576,77518
77585,77519
77590,77613
77628,77619
77607,77622
77640,77655
77667,77656
77641,77660
77637,77668
77638,77661
77818,77808
77795,77794
77797,77820
78016,77973
78456,78464
78458,78457
78461,78433
78533,78534
78522,78570
78535,78571
78576,78540
78702,78709
78834,78836
78876,78859
78835,78847
78877,78801
78878,78861
78879,78849
78823,78848
78880,78811
78864,78824
78825,78883
78867,78866
78868,78840
78884,78830
78809,78814
78854,78886
78844,78885
78853,78815
78832,78817
78873,78887
78816,78856
78818,78819
78857,78833
78898,78895
78901,78890
78999,78986
79045,79061
79090,79051
79046,79052
79054,79092
79074,79048
79073,79085
79065,79057
79049,79058
79066,79078
79140,79110
79100,79131
79144,79158
79147,79159
79133,79160
79126,79125
79119,79118
79152,79106
79154,79127
79138,79109
79181,79201
79210,79200
79833,79841
79909,79882
80023,80000
80345,80314
80341,80320
81527,81510
81512,81499
81500,81469
81530,81487
81471,81501
81517,81531
81475,81521
81523,81476
81490,81489
81541,81539
81481,81493
81590,81557
81744,81668
81700,81698
81671,81670
81672,81724
81725,81727
81726,81706
81752,81683
81737,81716
81736,81755
81757,81717
81740,81741
81721,81759
81801,81817
82048,82014
82601,82627
82646,82645
82705,82644
82693,82680
82664,82653
82667,82682
82683,82636
82647,82637
82638,82694
82674,82649
82697,82699
82657,82658
82656,82701
82659,82641
82660,82688
82642,82677
82716,82710
82747,82720
82729,82717
82714,82730
82754,82723
82763,82767
82791,82792
82785,82769
82881,82852
83013,82973
83000,82988
82955,82954
83002,82990
82976,82975
83008,82994
82968,82980
83027,82996
83316,83305
83304,83347
83334,83306
83321,83337
83295,83352
83324,83351
83294,83307
83325,83354
83297,83328
83310,83357
83301,83300
83331,83343
83312,83344
83362,83345
83363,83313
83406,83418
83704,83678
83801,83793
83799,83815
83842,83783
83948,83899
83987,83966
84068,84058
84113,84114
84082,84081
84590,84571
84791,84765
84799,84756
85070,85091
85127,85118
85123,85083
85463,85439
85586,85532
85587,85554
85553,85602
85533,85601
85588,85534
85535,85571
85572,85590
85573,85575
85592,85540
85608,85558
85609,85543
85594,85580
85545,85560
85611,85582
86129,86111
86144,86108
86135,86115
86189,86162
86193,86157
86770,86759
86842,86812
86908,86874
86935,86926
86943,86929
86983,87031
87016,87030
86985,86990
87002,87034
87089,87069
87036,87071
87090,87072
87039,87038
87043,87106
87094,87044
87111,87060
87084,87062
87482,87492
87586,87572
87579,87548
87556,87587
87593,87553
87550,87552
87565,87558
87569,87554
87599,87577
87640,87601
87655,87650
87660,87651
87679,87654
87694,87680
87699,87733
88478,88428
88496,88442
88433,88485
88468,88460
88607,88578
89266,89257
89317,89308
89338,89368
89372,89341
90479,90488
90905,90887
90876,90927
90883,90926
90907,90863
90878,90889
90930,90909
90880,90859
90868,90884
90931,90932
90898,90881
90961,90943
91190,91199
91202,91211
91219,91231
91210,91217
91192,91218
91194,91222
91212,91223
91224,91235
91245,91195
91207,91213
91198,91197
91600,91614
91636,91665
91635,91688
91711,91638
91666,91641
91668,91712
91667,91640
91642,91643
91714,91644
91691,91645
91692,91647
91693,91672
91696,91677
91650,91697
91722,91651
91699,91700
91725,91723
91726,91654
91728,91657
91706,91733
91659,91732
91658,91731
91735,91662
91685,91709
91737,91738
91768,91813
91770,91812
91769,91742
91815,91773
91814,91746
91792,91774
91793,91776
91749,91777
91820,91779
91751,91752
91799,91800
91824,91755
91806,91830
91760,91828
91759,91761
91833,91764
91786,91809
92407,92393
92435,92409
92414,92445
92400,92430
92419,92402
92418,92459
92448,92421
92462,92482
92576,92590
92592,92580
92616,92597
92596,92631
93102,93076
93077,93123
93104,93147
93079,93081
93149,93080
93150,93106
93125,93082
93084,93109
93129,93111
93086,93130
93158,93134
93113,93089
93132,93156
93136,93090
93138,93092
93095,93162
93118,93165
93140,93096
93119,93143
93198,93177
94239,94198
94243,94199
94347,94361
94348,94326
94308,94318
94351,94317
94316,94336
95075,95072
95892,95844
95930,95926
96170,96185
96206,96126
96171,96127
96172,96128
96130,96189
96157,96190
96160,96192
96161,96191
96196,96137
96197,96180
96195,96164
96198,96153
96139,96166
96141,96200
96201,96199
96140,96183
96204,96167
96259,96265
96338,96352
96366,96332
96320,96309
96310,96368
96333,96367
96356,96369
96323,96342
96335,96324
96375,96359
96325,96345
96326,96346
96382,96347
96331,96329
96348,96330
96521,96518
96670,96716
96698,96717
96700,96733
96720,96688
96676,96705
96722,96706
96677,96740
96695,96681
96713,96715
96906,96925
97016,97017
97291,97260
97293,97275
97244,97276
97238,97247
97239,97268
97269,97255
97302,97303
97301,97270
97305,97281
97272,97304
97800,97773
97813,97850
97814,97822
97854,97830
97843,97816
97817,97831
97845,97832
97861,97855
97834,97828
97857,97836
97868,97867
97919,97920
97948,97973
97960,97969
97995,97972
98015,98008
98055,98048
98137,98150
98390,98354
98720,98700
98694,98731
98778,98740
98764,98751
98902,98893
98930,98920
99008,98969
98979,98938
98995,98953
98962,98961
98964,98997
98981,98963
98984,98942
98943,98965
98985,98944
98986,98966
98998,98987
98999,98945
98947,98977
98948,98992
99001,98978
99003,98949
98958,98991
99070,99046
99024,99074
99075,99019
99021,99038
99100,99087
99204,99180
99347,99346
99341,99349
99360,99344
100053,99991
100111,100090
100362,100291
100366,100391
100392,100383
100394,100377
100400,100369
100396,100380
100566,100635
100567,100638
100616,100640
100617,100598
100622,100650
100653,100575
100654,100579
100626,100656
100661,100659
100629,100662
100667,100713
100714,100733
100716,100685
100703,100702
100715,100669
100671,100717
100670,100718
100672,100719
100687,100736
100721,100738
100691,100693
100676,100723
100692,100744
100747,100678
100709,100745
100694,100679
100680,100695
100750,100772
101006,100996
101337,101331
101708,101707
102171,102150
102152,102191
102193,102161
102198,102148
102458,102438
103659,103649
103945,103873
103948,103896
103955,103877
103895,103886
103958,103902
103960,103941
103962,103920
103963,103904
103944,103921
104477,104421
104439,104422
104482,104461
104452,104425
104473,104456
104466,104458
104729,104764
104827,104781
104819,104826
105161,105179
105153,105202
105154,105191
105164,105214
105222,105175
105355,105345
105346,105342
105360,105351
105332,105327
105374,105352
105376,105354
105389,105377
105402,105437
105439,105390
105411,105403
105418,105384
105397,105408
105387,105420
105629,105636
105640,105628
105748,105719
107372,107354
107360,107352
107420,107404
107502,107471
107586,107571
108068,108103
108070,108087
108237,108238
108261,108236
108773,108791
108775,108769
109009,109004
109065,109019
109067,109122
109141,109142
109146,109071
109070,109072
109145,109102
109124,109103
109125,109105
109074,109073
109077,109130
109156,109076
109157,109078
109160,109158
109111,109132
109085,109112
109086,109114
109162,109134
109135,109113
109117,109165
109091,109116
109118,109094
109120,109140
109171,109213
109225,109183
109194,109178
109204,109185
109174,109228
109206,109186
109196,109216
109175,109205
109231,109180
109179,109217
109232,109210
109199,109219
109200,109237
109221,109220
109965,109943
110019,110020
110050,110017
110034,109980
110053,110035
110054,110004
110052,110003
110006,109983
110008,110007
110010,110055
110036,110056
110039,110013
109986,110011
110028,109990
109989,110014
110044,110015
110060,109992
110061,110045
110064,109996
110195,110214
110215,110225
110226,110241
110227,110205
110246,110217
110245,110228
110199,110208
110338,110323
110348,110339
110342,110343
110363,110336
110439,110395
110438,110396
110443,110369
110444,110442
110453,110377
110454,110408
110410,110455
110458,110429
110416,110437
110493,110475
110500,110513
110512,110473
110769,110782
110830,110816
110784,110783
110839,110803
111025,111000
110967,111013
110968,110977
111015,110996
111037,110978
111793,111755
111747,111757
111748,111734
111778,111797
111782,111761
111787,111786
111741,111770
111771,111752
111811,111819
111812,111870
111824,111858
111834,111873
111849,111850
111874,111851
111860,111816
111861,111859
111876,111836
111862,111817
111877,111863
111864,111852
111842,111841
111926,111886
111896,111890
111891,111887
112039,112019
112062,112021
112390,112392
112456,112477
112507,112459
112512,112490
112470,112491
112462,112480
112514,112481
112549,112537
112610,112590
112637,112609
112623,112594
112640,112597
112596,112595
112641,112624
112599,112600
112626,112644
112573,112645
112572,112615
112575,112603
112629,112604
112649,112631
112650,112630
112654,112581
112652,112583
112635,112586
112588,112608
112702,112666
112668,112669
112725,112734
112713,112759
112747,112762
112763,112775
112765,112718
112777,112737
112781,112730
112780,112779
112778,112766
112731,112782
112815,112799
112829,112798
112820,112805
112791,112818
112843,112854
112860,112845
112954,112897
112935,112918
112898,112878
112879,112900
112936,112899
112903,112937
112892,112938
112906,112893
112905,112924
112925,112939
112908,112942
112944,112880
112928,112909
112882,112910
112926,112945
112946,112895
112883,112929
112948,112931
112884,112950
112953,112917
113047,113032
113107,113082
113139,113124
113168,113140
113152,113158
113493,113446
113453,113438
113757,113790
113752,113777
113774,113764
113843,113842
113858,113844
113831,113859
113874,113876
113833,113877
113816,113848
113849,113882
113815,113881
113862,113880
113864,113851
113885,113837
113839,113854
113867,113853
113820,113855
113823,113869
113891,113856
113824,113870
113826,113871
113892,113825
113827,113872
113941,113927
113915,113930
113914,113929
113916,113931
113917,113943
113957,113959
113919,113894
113936,113963
113949,113899
113965,113950
113967,113923
113924,113951
113903,113905
113971,113904
113909,113939
113974,113910
113975,113954
113977,113991
114011,113998
114025,114037
114060,114028
114034,114041
114274,114280
114304,114277
114320,114314
114384,114394
114366,114403
114431,114381
114465,114486
114453,114452
114617,114570
114605,114604
114618,114589
114590,114571
114591,114619
114572,114607
114636,114635
114595,114609
114574,114639
114576,114610
114640,114597
114641,114598
114580,114642
114615,114627
114644,114626
114601,114602
114585,114584
114650,114630
114794,114753
114765,114756
114895,114847
114867,114863
115046,115045
115068,115047
115052,115066
115119,115103
115474,115463
115466,115492
115446,115456
115597,115610
115596,115554
115588,115555
115546,115591
115571,115572
115582,115583
115593,115584
115603,115573
115604,115605
115575,115594
115564,115585
115586,115577
115578,115567
115734,115735
115790,115776
115769,115763
115742,115750
115793,115764
115743,115795
115751,115784
115772,115796
115754,115797
115801,115788
115741,115804
116007,115992
116045,116031
116075,116044
116076,116047
116078,116079
116036,116080
116081,116049
116029,116071
116090,116056
116043,116073
116091,116072
116120,116106
116135,116119
116109,116122
116153,116123
116110,116095
116139,116112
116099,116141
116098,116140
116097,116158
116128,116127
116129,116113
116100,116114
116144,116130
116160,116131
116165,116133
116147,116104
116105,116134
116168,116150
116118,116149
116232,116171
116231,116172
116203,116218
116219,116192
116238,116237
116208,116206
116180,116209
116181,116193
116179,116194
116223,116210
116242,116182
116247,116214
116228,116183
116197,116186
116185,116215
116198,116229
116290,116289
116401,116394
116410,116379
116452,116435
116475,116436
116464,116430
116438,116483
116456,116448
116495,116510
116957,116925
116967,116976
117090,117079
117064,117047
117091,117081
117065,117048
117049,117108
117068,117067
117053,117111
117051,117083
117055,117086
117072,117098
117071,117056
117059,117102
117061,117103
117234,117245
117349,117328
117780,117743
117833,117843
117820,117814
117828,117808
117932,117900
117944,117945
117995,117984
117998,117997
118021,118046
118023,118009
118068,118024
118070,118038
118026,118040
118030,118044
118017,118031
118160,118138
118215,118191
118195,118174
118194,118175
118197,118196
118217,118234
118179,118235
118177,118209
118180,118198
118236,118211
118200,118182
118204,118225
118301,118332
118369,118354
118406,118373
118409,118399
118375,118391
118420,118435
118703,118684
118728,118707
118750,118719
118837,118797
118783,118800
118798,118810
118782,118809
118822,118784
118786,118785
118825,118769
118828,118790
118829,118827
118835,118776
118779,118796
118895,118848
118839,118849
118875,118886
119040,119001
119017,118983
119004,118991
119093,119064
119049,119084
119075,119060
119119,119116
119467,119446
119483,119488
119485,119551
119486,119522
119554,119494
119555,119539
119557,119517
119541,119501
120135,120116
120159,120146
120314,120273
120362,120327
120429,120383
120418,120400
120393,120373
120396,120421
120399,120416
120483,120430
120466,120455
120444,120431
120445,120468
120446,120433
120432,120461
120448,120489
120469,120490
120437,120449
120452,120439
120442,120480
120454,120479
120499,120505
120643,120639
120651,120631
120630,120644
120633,120622
120623,120634
120655,120671
120636,120656
120637,120657
120673,120658
120638,120674
120678,120688
120848,120877
121160,121142
121143,121178
121771,121730
121774,121733
121874,121887
121888,121866
121890,121891
121877,121894
121895,121838
121896,121871
121841,121882
121842,121859
121902,121872
121847,121873
121848,121863
122388,122354
122422,122366
122407,122390
122406,122389
122408,122370
122410,122372
122392,122374
122418,122361
122380,122381
122496,122503
122519,122495
122520,122484
122522,122505
122523,122485
122490,122489
122507,122488
122526,122525
122472,122499
122529,122515
122493,122501
122479,122478
122480,122494
122482,122535
122539,122567
122542,122560
122713,122662
122746,122755
122732,122718
122756,122764
122803,122836
123077,123088
123120,123107
123315,123275
123274,123289
123317,123290
123253,123301
123302,123320
123257,123321
123294,123292
123259,123260
123323,123280
123296,123281
123298,123308
123283,123307
123327,123263
123309,123265
123330,123266
123270,123331
123285,123267
123332,123312
123381,123346
123423,123402
123439,123405
123457,123390
123392,123429
123458,123409
123444,123410
123475,123460
123431,123443
123445,123461
123463,123395
123447,123448
123413,123465
123478,123415
123481,123452
123480,123451
123417,123434
123418,123454
123416,123450
123466,123435
123438,123437
123483,123420
123400,123469
123421,123399
123560,123552
123543,123540
123622,123600
123609,123605
123703,123717
123677,123718
123688,123695
123723,123698
123820,123808
123848,123838
123831,123799
123809,123849
123850,123830
123832,123821
123791,123811
123801,123851
123792,123833
123841,123800
123812,123793
123826,123794
123795,123802
123843,123854
123814,123856
123797,123818
123805,123796
123798,123847
124022,123990
124033,124045
124048,124038
124180,124147
124221,124232
124280,124265
124289,124260
124279,124258
124261,124267
124332,124299
124478,124479
124550,124542
124563,124537
124604,124595
124611,124600
124800,124773
124895,124851
124891,124857
125211,125212
125255,125190
125257,125256
125203,125193
125213,125192
125232,125223
125243,125204
125195,125214
125196,125259
125245,125233
125225,125246
125261,125198
125234,125199
125236,125205
125248,125206
125237,125250
125262,125264
125218,125207
125221,125201
125230,125202
125254,125209
125335,125302
125280,125267
125338,125268
125269,125314
125287,125286
125358,125270
125341,125306
125317,125291
125360,125292
125318,125293
125294,125271
125272,125308
125273,125310
125322,125362
125326,125327
125298,125328
125347,125364
125349,125333
125299,125331
125350,125300
125278,125332
125352,125367
125301,125366
125472,125440
125455,125441
125626,125607
125582,125601
125632,125588
125760,125755
126137,126113
126210,126216
126358,126329
126508,126520
126522,126544
126488,126510
126496,126534
126490,126523
126500,126535
126537,126513
126538,126550
126539,126495
126554,126541
126507,126542
126714,126690
126696,126680
126716,126681
126715,126721
126878,126938
126890,126889
126940,126884
126905,126941
126895,126927
126898,126887
127036,127003
127038,127028
127005,127019
127093,127089
127313,127285
127514,127528
127560,127579
127582,127566
127583,127600
127586,127570
127679,127666
127703,127704
127730,127735
127741,127751
127736,127705
127727,127738
127744,127710
127717,127711
127865,127810
127831,127866
127841,127834
127821,127853
127823,127813
127901,127879
127898,127878
127890,127881
127892,127876
127895,127904
128059,128103
128859,128880
128914,128861
128871,128899
128885,128904
129090,129070
129140,129154
129117,129103
129143,129095
129158,129159
129131,129119
129100,129122
129149,129123
129101,129163
129108,129102
129111,129151
129165,129152
129176,129173
129308,129299
129306,129300
129391,129390
129437,129416
129503,129484
129523,129480
129525,129508
130054,130030
130025,130018
130656,130673
130730,130724
130706,130717
130740,130711
130747,130733
130715,130738
130864,130889
130924,130903
130895,130872
130893,130930
130894,130906
130876,130879
130912,130936
130877,130911
130939,130898
130937,130880
130938,130914
130916,130882
130902,130947
131007,130997
131125,131118
131144,131119
131162,131137
131152,131122
131179,131190
131404,131418
131536,131529
131525,131504
131557,131588
131627,131650
131630,131564
131631,131590
131593,131612
131595,131637
131614,131613
131597,131639
131618,131575
131644,131581
131620,131645
131626,131586
131625,131624
131671,131661
131749,131843
131820,131821
131790,131829
131808,131807
131791,131810
131792,131793
131834,131768
131813,131796
131873,131851
132353,132281
132354,132310
132313,132360
132335,132334
132317,132318
132339,132293
132368,132366
132296,132322
132372,132299
132343,132373
132348,132305
132349,132347
132716,132693
133136,133091
133166,133143
133698,133712
133722,133721
133682,133724
133683,133699
133687,133715
133686,133727
133747,133703
133735,133736
133710,133693
133708,133737
133719,133695
134006,133938
133937,133981
133972,133949
133992,133991
133973,133994
133996,133955
133999,134001
134005,133963
134004,134028
134044,134040
134931,134940
135828,135841
135799,135819
135798,135858
135843,135859
135833,135832
135863,135822
135824,135836
135866,135846
135864,135806
135823,135837
135865,135845
135809,135838
135811,135870
135826,135869
135812,135827
135851,135839
135975,135996
136020,135984
136027,135986
137016,136973
137118,137089
137106,137085
137123,137087
137141,137162
137173,137127
137247,137234
137486,137511
137488,137512
137530,137501
137471,137514
137472,137490
137515,137531
137477,137516
137476,137491
137504,137492
137475,137503
137507,137506
137508,137523
137522,137482
137483,137541
137497,137484
137543,137485
137748,137713
137782,137773
137762,137755
137776,137772
137771,137770
137765,137790
138395,138362
138386,138365
138400,138389
138370,138394
138442,138417
138478,138457
138419,138428
138479,138411
138480,138412
138458,138413
138404,138403
138432,138405
138448,138436
138469,138422
138468,138414
138483,138437
138423,138453
138470,138438
138415,138471
138425,138473
138475,138426
138592,138564
138751,138730
138754,138708
138734,138755
138756,138709
138735,138686
138712,138759
138713,138714
138667,138715
138742,138763
138741,138743
138694,138764
138696,138721
138744,138672
138722,138697
138748,138769
138747,138771
138796,138842
138772,138810
138773,138846
138829,138809
138775,138811
138848,138812
138849,138788
138832,138851
138833,138790
138816,138777
138778,138800
138852,138802
138780,138854
138835,138793
138837,138803
138804,138856
138794,138855
138857,138782
138805,138822
138859,138838
138795,138784
138839,138783
138806,138861
138824,138860
139168,139098
139129,139099
139170,139130
139135,139112
139134,139153
139157,139181
139184,139141
139182,139159
139162,139142
139163,139121
139167,139187
139145,139188
139483,139539
139542,139541
139484,139527
139489,139531
139494,139512
139514,139551
139909,139896
139937,139897
139982,139993
139954,139968
140005,139995
139989,139974
139956,139965
140021,139957
140057,140074
140058,140103
140128,140078
140131,140035
140130,140080
140133,140039
140109,140061
140041,140113
140111,140136
140112,140040
140084,140086
140085,140064
140045,140089
140065,140048
140140,140141
140070,140145
140122,140147
140073,140149
140686,140628
140668,140676
140677,140635
140678,140637
140673,140682
140664,140674
140640,140641
140705,140723
140770,140786
140898,140867
141276,141254
141209,141208
141238,141255
141279,141239
141242,141260
141266,141227
141291,141267
141292,141246
141290,141245
141271,141232
141272,141270
141252,141251
141275,141296
141340,141334
141494,141516
141823,141817
141949,141936
142188,142189
142193,142204
142331,142366
142345,142355
142368,142323
142325,142371
142369,142346
142358,142337
142347,142370
142359,142348
142374,142326
142360,142376
142363,142378
142342,142380
142320,142379
142321,142384
142382,142383
142344,142322
142522,142497
142585,142548
142589,142575
142564,142563
142600,142555
142630,142620
142654,142601
142666,142619
142622,142632
142621,142623
142655,142602
142656,142633
142606,142647
142627,142637
142661,142614
142638,142663
142629,142607
142665,142640
142698,142682
142749,142750
142794,142804
142826,142780
142815,142779
142805,142784
142783,142796
142782,142795
142816,142785
142789,142818
142768,142810
142790,142799
142777,142801
142800,142769
142792,142823
142778,142802
142829,142833
142935,142943
142931,142938
142934,142933
142947,142967
143031,143007
143014,142993
143122,143088
143189,143173
143175,143219
143199,143205
143176,143220
143180,143202
143210,143191
143204,143183
143212,143196
143185,143197
143226,143184
143229,143278
143232,143245
143279,143265
143258,143259
143234,143267
143248,143247
143282,143260
143249,143271
143252,143237
143240,143238
143289,143336
143292,143305
143337,143325
143317,143318
143341,143326
143342,143319
143328,143329
143311,143297
143345,143298
143380,143351
143452,143421
143427,143442
143625,143635
143650,143606
143667,143666
143693,143653
143702,143677
143682,143678
143885,143862
144001,143965
143981,143969
144011,144052
144048,144034
144176,144164
144149,144131
144177,144115
144166,144117
144168,144151
144152,144118
144156,144138
144139,144120
144141,144172
144157,144142
144181,144124
144158,144144
144125,144145
144161,144183
144146,144174
144182,144184
144240,144260
144281,144245
144296,144244
144609,144631
144736,144746
144707,144737
144733,144719
145146,145109
145167,145108
145145,145112
145221,145232
145239,145215
145214,145257
145246,145223
145236,145227
145279,145278
145281,145284
145332,145360
145335,145348
145591,145603
145712,145694
145706,145729
145738,145730
145697,145718
145900,145878
145989,145972
146005,145990
146006,146024
145975,145991
145976,145977
145980,146009
146016,146011
146010,146029
145998,146021
145999,146020
145983,145984
146060,146042
146096,146115
146135,146113
146126,146109
146143,146186
146197,146146
146198,146179
146199,146166
146190,146150
146176,146152
146386,146383
146373,146416
146389,146402
146404,146376
146377,146406
146413,146378
146407,146414
146456,146445
146438,146427
146452,146435
146473,146485
146622,146627
146661,146631
146745,146746
146766,146751
146733,146780
146783,146768
146759,146758
146774,146736
146776,146775
146763,146740
146895,146896
146897,146927
146921,146883
146903,146890
146962,146941
147036,147032
147110,147122
147149,147181
147165,147132
147170,147185
147154,147184
147169,147186
147155,147168
147177,147140
147178,147173
147179,147142
147144,147163
147234,147228
147212,147202
147233,147206
147215,147198
147218,147199
147204,147239
147240,147205
147210,147231
147227,147192
147241,147222
147211,147201
147388,147392
147370,147363
147357,147389
147371,147358
147373,147394
147395,147384
147398,147367
147368,147360
147475,147503
147479,147499
147474,147472
147451,147468
147492,147504
147505,147471
147507,147485
147487,147458
147490,147457
